kategori,sub_kategori,rata_rata_terjual,median_terjual,rata_rata_rating,jumlah_produk,skor_tren
Aksesoris & Souvenir,Aksesoris & Souvenir,538.8,171.0,4.62,5,0.9772
Makanan,Kue & Roti,1779.9903375,281.0,4.7699375,128,0.9861962499999999
Makanan,Camilan & Snack,1367.3312684931507,212.0,4.613238356164383,146,0.8145117640890702
Makanan,Lauk & Bahan Makanan,414.25908571428573,68.0,4.606971428571429,7,0.43933004646422297
Makanan,Buah & Bahan Mentah Segar,162.19068,98.0,4.6237200000000005,20,0.34120639792424157
Makanan,Oleh-oleh Umum,1.0,1.0,4.6872,1,0.28162526056173043
Minuman,Susu & Minuman Lainnya,1000.0,1000.0,5.0,1,1.0
Minuman,Minuman Herbal & Seduh,896.9068,896.9068,4.6872,1,0.90906676
Minuman,Teh,896.9068,896.9068,4.6872,1,0.90906676
Minuman,Kopi,260.2031684210526,58.0,4.877936842105264,38,0.47481842842105265
Minuman,Kue & Roti,194.0,194.0,4.7,1,0.41780000000000006
Pakaian & Fashion,Pakaian Tradisional & Etnik,453.3029142857143,83.0,4.779131428571429,35,0.9867478857142857
Pakaian & Fashion,Atasan & Pakaian Kasual,375.87624175824175,23.5,4.618114285714285,182,0.8575229429010227
Pakaian & Fashion,Pakaian Anak,64.35483870967742,12.0,4.820929032258065,31,0.3886338524154453
